{
  "N": 5,
  "cost": [
    [
      0.0,
      2.108736620207287,
      2.1486840608215734,
      9.13999957452863,
      3.1839463605844514
    ],
    [
      2.108736620207287,
      0.0,
      4.645088222145359,
      6.006014489844143,
      3.665562091759462
    ],
    [
      2.1486840608215734,
      4.645088222145359,
      0.0,
      8.039346437416059,
      3.7485947770213697
    ],
    [
      9.13999957452863,
      6.006014489844143,
      8.039346437416059,
      0.0,
      8.846629595654491
    ],
    [
      3.1839463605844514,
      3.665562091759462,
      3.7485947770213697,
      8.846629595654491,
      0.0
    ]
  ],
  "length": 22.858659543548864,
  "seed": 113,
  "tour": [
    0,
    1,
    3,
    4,
    2
  ]
}
